id,first_name,last_name,email,programme
101,Patrizio,Bartolozzi,pbartolozzi0@google.it,Senior Developer
102,Prince,O Sullivan,posullivan1@google.ru,Senior Sales Associate
103,Faustina,Tudge,ftudge2@mapy.cz,Information Systems Manager
104,Viola,Benz,vbenz3@sciencedirect.com,Financial Analyst
105,Ruthanne,Tomczynski,rtomczynski4@flickr.com,Tax Accountant
106,Dyanna,Carragher,dcarragher5@list-manage.com,Software Engineer III
107,Ingeborg,Wardingly,iwardingly6@moonfruit.com,Speech Pathologist
108,Zolly,Asty,zasty7@theatlantic.com,Geologist III
109,Ramonda,Mayling,rmayling8@wikipedia.org,Senior Sales Associate
110,Clayton,Frotton,cfrotton9@vk.com,Analyst Programmer
111,Windham,Tamlett,wtamletta@eepurl.com,Sales Representative
112,Teddy,Sparkes,tsparkesb@addtoany.com,Clinical Specialist
113,Teirtza,Barthropp,tbarthroppc@blogtalkradio.com,Electrical Engineer
114,Lea,Ryan,lryand@ox.ac.uk,Web Designer IV
115,Ambros,Monkhouse,amonkhousee@walmart.com,Quality Control Specialist
116,Grenville,Pidduck,gpidduckf@tripadvisor.com,Programmer III
117,Myra,Swarbrigg,mswarbriggg@slideshare.net,Chief Design Engineer
118,Anabella,Bathoe,abathoeh@columbia.edu,Compensation Analyst
119,Suzy,Rounsefull,srounsefulli@xinhuanet.com,Assistant Professor
120,Mandel,Gosselin,mgosselinj@harvard.edu,Pharmacist
121,Addie,Speke,aspekek@hhs.gov,Assistant Professor
122,Debora,Strephan,dstrephanl@facebook.com,Compensation Analyst
123,Sharyl,Bradie,sbradiem@google.com.br,Engineer III
124,Mead,Sydall,msydalln@pinterest.com,Programmer I
125,Eleonore,Oddie,eoddieo@nature.com,Professor
126,Val,Earengey,vearengeyp@cam.ac.uk,Account Executive
127,Ronald,Dent,rdentq@ezinearticles.com,Geologist I
128,Isis,Harte,iharter@cbslocal.com,Account Coordinator
129,Verla,MacAloren,vmacalorens@bbb.org,Structural Analysis Engineer
130,Joete,Schuchmacher,jschuchmachert@cpanel.net,Social Worker
131,Martha,Reary,mrearyu@google.cn,Financial Advisor
132,Sal,Smorfit,ssmorfitv@tamu.edu,Tax Accountant
133,Gale,Auty,gautyw@jimdo.com,Environmental Tech
134,Aymer,Ransom,aransomx@businesswire.com,Sales Associate
135,Derrik,Geertje,dgeertjey@blog.com,Senior Financial Analyst
136,Luise,Scandrett,lscandrettz@godaddy.com,Desktop Support Technician
137,Alvinia,Minchinton,aminchinton10@wunderground.com,Media Manager II
138,Phyllis,Folliss,pfolliss11@google.fr,Project Manager
139,Esme,Pea,epea12@wordpress.org,VP Accounting
140,Ashlie,Rennebeck,arennebeck13@nature.com,Administrative Assistant I
141,Carny,Tenwick,ctenwick14@spotify.com,Nurse Practicioner
142,Dulciana,Edden,dedden15@ehow.com,Payment Adjustment Coordinator
143,Jordon,Evesque,jevesque16@geocities.com,Software Engineer I
144,Kaleena,Yurkiewicz,kyurkiewicz17@nih.gov,Account Executive
145,Kelsey,Reburn,kreburn18@elegantthemes.com,Actuary
146,Henderson,Holdey,hholdey19@howstuffworks.com,Senior Editor
147,Isaak,Shuter,ishuter1a@linkedin.com,General Manager
148,Cheston,Grigoryov,cgrigoryov1b@tmall.com,Engineer IV
149,Wilbur,Iczokvitz,wiczokvitz1c@seattletimes.com,Registered Nurse
150,Tessi,Rojahn,trojahn1d@seesaa.net,Senior Editor
151,Charlotta,Cleatherow,ccleatherow1e@bing.com,VP Marketing
152,Omar,Eakley,oeakley1f@hubpages.com,Speech Pathologist
153,Hasheem,Allardyce,hallardyce1g@trellian.com,Staff Scientist
154,Domenic,Yurmanovev,dyurmanovev1h@slashdot.org,Human Resources Manager
155,Lindi,Bartolozzi,lbartolozzi1i@smh.com.au,Budget/Accounting Analyst IV
156,Freeman,Murthwaite,fmurthwaite1j@soup.io,Software Consultant
157,Morten,Brownhill,mbrownhill1k@umich.edu,Mechanical Systems Engineer
158,Lion,Daviot,ldaviot1l@gnu.org,Safety Technician IV
159,Annie,Waldie,awaldie1m@hostgator.com,Chemical Engineer
160,Agneta,Gopsill,agopsill1n@lycos.com,Teacher
161,Alethea,Kier,akier1o@google.com.au,Project Manager
162,Melisent,Ruos,mruos1p@virginia.edu,Quality Engineer
163,Vivianne,Gerren,vgerren1q@sitemeter.com,Accounting Assistant II
164,Petra,Clethro,pclethro1r@washingtonpost.com,Teacher
165,Theda,Eller,teller1s@alexa.com,VP Marketing
166,Morna,Dulson,mdulson1t@symantec.com,Computer Systems Analyst II
167,Vachel,Mouat,vmouat1u@huffingtonpost.com,Junior Executive
168,Clarabelle,Littlejohn,clittlejohn1v@theatlantic.com,Operator
169,Joyan,Freebury,jfreebury1w@utexas.edu,Programmer Analyst I
170,Sheela,Bothe,sbothe1x@accuweather.com,Business Systems Development Analyst
171,Nyssa,Patrone,npatrone1y@wisc.edu,Graphic Designer
172,Cyndia,Chidley,cchidley1z@barnesandnoble.com,Staff Accountant II
173,Roxanna,Renfield,rrenfield20@wordpress.org,Dental Hygienist
174,Devin,Shwalbe,dshwalbe21@soup.io,Biostatistician IV
175,Joyce,Dugget,jdugget22@oakley.com,Mechanical Systems Engineer
176,Roddy,Sherratt,rsherratt23@mysql.com,Staff Scientist
177,Gratia,Delf,gdelf24@craigslist.org,Research Nurse
178,Quinn,Stitfall,qstitfall25@reuters.com,Civil Engineer
179,Jeralee,MacPhaden,jmacphaden26@dot.gov,Geological Engineer
180,Kennedy,Flancinbaum,kflancinbaum27@digg.com,Professor
181,Elie,Eskriett,eeskriett28@google.com.hk,General Manager
182,Gino,Sisse,gsisse29@soundcloud.com,Teacher
183,Annissa,Aulsford,aaulsford2a@archive.org,Community Outreach Specialist
184,Wiley,Ackroyd,wackroyd2b@hao123.com,Financial Analyst
185,Zachery,Tapping,ztapping2c@studiopress.com,Pharmacist
186,Slade,Conor,sconor2d@cmu.edu,Engineer IV
187,Ertha,Sushams,esushams2e@washington.edu,Research Associate
188,Happy,Trillo,htrillo2f@vimeo.com,Analog Circuit Design manager
189,Annabell,Tagg,atagg2g@unesco.org,Community Outreach Specialist
190,Dougie,Thebeau,dthebeau2h@mapy.cz,Help Desk Operator
191,Beauregard,Burdge,bburdge2i@bigcartel.com,Structural Analysis Engineer
192,Tabina,Duddridge,tduddridge2j@vkontakte.ru,Senior Developer
193,Emilee,Swanson,eswanson2k@squarespace.com,Business Systems Development Analyst
194,Ahmad,Pierro,apierro2l@rediff.com,Automation Specialist IV
195,Pall,Finlayson,pfinlayson2m@facebook.com,Senior Editor
196,Hall,Feldbrin,hfeldbrin2n@unicef.org,Web Developer II
197,Romain,Weatherby,rweatherby2o@ucoz.ru,Software Test Engineer I
198,Wilma,Wardhaw,wwardhaw2p@tripod.com,Account Executive
199,Katherina,Kleinhausen,kkleinhausen2q@posterous.com,Physical Therapy Assistant
200,Del,Grahlman,dgrahlman2r@oracle.com,Developer IV
